번호,브랜드,이름,이미지,색상,타입
1,푸마 , Puma smash vulc , http://image.abcmart.co.kr/nexti/images/list/1325/0045358_list.jpg,white,컨버스화
2,반스 , SK8-HI , http://image.abcmart.co.kr/nexti/images/list/1757/0035294_list.jpg,black,컨버스화
3,반스 , OLD SKOOL , http://image.abcmart.co.kr/nexti/images/list/1834/0034906_list.jpg,black,컨버스화
4,컨버스 , Chuck Taylor All Star 70 , http://image.abcmart.co.kr/nexti/images/list/1370/0066435_list.jpg,gray,컨버스화
5,컨버스 , Chuck Taylor All Star 70 HI , http://image.abcmart.co.kr/nexti/images/list/1885/0066432_list.jpg,white,컨버스화
6,컨버스 , Chuck Taylor All Star 70 HI , http://image.abcmart.co.kr/nexti/images/list/1895/0066430_list.jpg,black,컨버스화
7,컨버스 , Chuck Taylor All Star 70 HI , http://image.abcmart.co.kr/nexti/images/list/1709/0066429_list.jpg,white,컨버스화
8,아디다스 , ADI-EASE , http://image.abcmart.co.kr/nexti/images/list/1935/0065248_list.jpg,black,컨버스화
9,아디다스 , ADI-EASE , http://image.abcmart.co.kr/nexti/images/list/1779/0038404_list.jpg,black,컨버스화
10,반스 , STYLE 36 SF , http://image.abcmart.co.kr/nexti/images/list/1017/0067189_list.jpg,brown,컨버스화
11,반스 , STYLE 36 SF , http://image.abcmart.co.kr/nexti/images/list/1831/0067190_list.jpg,black,컨버스화
12,반스 , SK8-HI MTE BOA , http://image.abcmart.co.kr/nexti/images/list/1887/0067118_list.jpg,black,컨버스화
13,반스 , SK8-HI MTE BOA , http://image.abcmart.co.kr/nexti/images/list/1382/0067117_list.jpg,black,컨버스화
14,반스 , ERA , http://image.abcmart.co.kr/nexti/images/list/1029/0008498_list.jpg,black,컨버스화
15,반스 , AUTHENTIC , http://image.abcmart.co.kr/nexti/images/list/1136/0013156_list.jpg,white,컨버스화
16,반스 , AUTHENTIC , http://image.abcmart.co.kr/nexti/images/list/1596/0008642_list.jpg,white,컨버스화
17,반스 , AUTHENTIC , http://image.abcmart.co.kr/nexti/images/list/1966/0008534_list.jpg,red,컨버스화
18,반스 , AUTHENTIC , http://image.abcmart.co.kr/nexti/images/list/1383/0008526_list.jpg,black,컨버스화
19,반스 , OLD SKOOL , http://image.abcmart.co.kr/nexti/images/list/1372/0067115_list.jpg,orange,컨버스화
20,반스 , OLD SKOOL , http://image.abcmart.co.kr/nexti/images/list/1877/0067116_list.jpg,white,컨버스화
21,반스 , SK8-HI 46 MTE DX , http://image.abcmart.co.kr/nexti/images/list/1143/0067112_list.jpg,black,컨버스화
22,수페르가 , 2750-COTUGLITTERFLAGSIDE , http://image.abcmart.co.kr/nexti/images/list/1716/0067096_list.jpg,white,컨버스화
23,반스 , SK8-HI MTE , http://image.abcmart.co.kr/nexti/images/list/1425/0067198_list.jpg,white,컨버스화
24,수페르가 , 2750-COTUFLAGSIDE , http://image.abcmart.co.kr/nexti/images/list/1860/0060600_list.jpg,white,컨버스화
25,수페르가 , 2750-AEREXCENTURYFLAG , http://image.abcmart.co.kr/nexti/images/list/1658/0050449_list.jpg,white,컨버스화
26,수페르가 , 2750-COTU CLASSIC , http://image.abcmart.co.kr/nexti/images/list/1786/0041579_list.jpg,white,컨버스화
27,페이유에 , Fe Lo Plain Platform Lite , http://image.abcmart.co.kr/nexti/images/list/1035/0061839_list.jpg,white,컨버스화
28,반스 , ERA , http://image.abcmart.co.kr/nexti/images/list/1364/0064970_list.jpg,navy,컨버스화
29,반스 , SK8-HI , http://image.abcmart.co.kr/nexti/images/list/1683/0064968_list.jpg,navy,컨버스화
30,반스 , SK8-HI RETRO , http://image.abcmart.co.kr/nexti/images/list/1188/0064967_list.jpg,navy,컨버스화
31,반스 , OLD SKOOL , http://image.abcmart.co.kr/nexti/images/list/1178/0064969_list.jpg,navy,컨버스화
32,반스 , OLD SKOOL OG , http://image.abcmart.co.kr/nexti/images/list/1693/0064966_list.jpg,navy,컨버스화
33,코코모즈 , COSY FLAT , http://image.abcmart.co.kr/nexti/images/list/1872/0067210_list.jpg,chocolate,컨버스화
34,반스 , POSTON , http://image.abcmart.co.kr/nexti/images/list/1117/0062298_list.jpg,white,컨버스화
35,컨버스 , Jack Purcell , http://image.abcmart.co.kr/nexti/images/list/1859/0043172_list.jpg,black,컨버스화
36,컨버스 , Jack Purcell , http://image.abcmart.co.kr/nexti/images/list/1364/0043171_list.jpg,white,컨버스화
37,호킨스 , PADY PLATFORM , http://image.abcmart.co.kr/nexti/images/list/1171/0064977_list.jpg,black,컨버스화
38,컨버스 , Chuck Taylor All Star 70 , http://image.abcmart.co.kr/nexti/images/list/1041/0063424_list.jpg,black,컨버스화
39,반스 , AUTHENTIC , http://image.abcmart.co.kr/nexti/images/list/1394/0066945_list.jpg,black,컨버스화
40,반스 , ERA , http://image.abcmart.co.kr/nexti/images/list/1179/0008586_list.jpg,navy,컨버스화
41,반스 , AUTHENTIC , http://image.abcmart.co.kr/nexti/images/list/1549/0008531_list.jpg,navy,컨버스화
42,반스 , AUTHENTIC , http://image.abcmart.co.kr/nexti/images/list/1888/0008525_list.jpg,black,컨버스화
43,반스 , SIXTY SEVEN , http://image.abcmart.co.kr/nexti/images/list/1106/0050959_list.jpg,black,컨버스화
44,반스 , OLD SKOOL , http://image.abcmart.co.kr/nexti/images/list/1314/0049090_list.jpg,white,컨버스화
45,나이키 , WMNS NIKE EBERNON MID , http://image.abcmart.co.kr/nexti/images/list/1817/0066340_list.jpg,white,컨버스화
46,컨버스 , CT AS Core , http://image.abcmart.co.kr/nexti/images/list/1208/0043164_list.jpg,black,컨버스화
47,반스 , OLD SKOOL , http://image.abcmart.co.kr/nexti/images/list/1038/0038483_list.jpg,white,컨버스화
48,반스 , OLD SKOOL , http://image.abcmart.co.kr/nexti/images/list/1718/0036207_list.jpg,black,컨버스화
49,반스 , ERA , http://image.abcmart.co.kr/nexti/images/list/1671/0036084_list.jpg,white,컨버스화
50,반스 , OLD SKOOL , http://image.abcmart.co.kr/nexti/images/list/1742/0028279_list.jpg,navy,컨버스화
51,반스 , SK8-HI , http://image.abcmart.co.kr/nexti/images/list/1616/0066943_list.jpg,white,컨버스화
52,반스 , OLD SKOOL , http://image.abcmart.co.kr/nexti/images/list/1404/0066947_list.jpg,black,컨버스화
53,반스 , OLD SKOOL , http://image.abcmart.co.kr/nexti/images/list/1111/0066944_list.jpg,black,컨버스화
54,반스 , AUTHENTIC , http://image.abcmart.co.kr/nexti/images/list/1257/0042038_list.jpg,black,컨버스화
55,반스 , STYLE 36 DECON SF , http://image.abcmart.co.kr/nexti/images/list/1268/0067005_list.jpg,brown,컨버스화
56,반스 , STYLE 36 DECON SF , http://image.abcmart.co.kr/nexti/images/list/1258/0067007_list.jpg,pink,컨버스화
57,반스 , STYLE 36 DECON SF , http://image.abcmart.co.kr/nexti/images/list/1763/0067006_list.jpg,green,컨버스화
58,탐스 , STELLAR BLUE QUILTED SLEEPING BAG CLASSICS (TN) , http://image.abcmart.co.kr/nexti/images/list/1292/0066378_list.jpg,green,컨버스화
59,탐스 , LIGHT PINE QUILTED SLEEPING BAG CLASSICS (TN) , http://image.abcmart.co.kr/nexti/images/list/1797/0066377_list.jpg,green,컨버스화
60,반스 , AUTHENTIC LO PRO , http://image.abcmart.co.kr/nexti/images/list/1092/0035619_list.jpg,black,컨버스화
61,컨버스 , One Star , http://image.abcmart.co.kr/nexti/images/list/1833/0066452_list.jpg,black,컨버스화
62,컨버스 , One Star , http://image.abcmart.co.kr/nexti/images/list/1328/0066451_list.jpg,white,컨버스화
63,컨버스 , One Star , http://image.abcmart.co.kr/nexti/images/list/1494/0066446_list.jpg,white,컨버스화
64,컨버스 , One Star , http://image.abcmart.co.kr/nexti/images/list/1989/0066445_list.jpg,navy,컨버스화
65,컨버스 , One Star , http://image.abcmart.co.kr/nexti/images/list/1484/0066444_list.jpg,green,컨버스화
66,컨버스 , One Star , http://image.abcmart.co.kr/nexti/images/list/1979/0066443_list.jpg,black,컨버스화
67,컨버스 , Chuck Taylor All Star 70 , http://image.abcmart.co.kr/nexti/images/list/1536/0066440_list.jpg,red,컨버스화
68,컨버스 , Chuck Taylor All Star 70 , http://image.abcmart.co.kr/nexti/images/list/1350/0066439_list.jpg,white,컨버스화
69,컨버스 , Chuck Taylor All Star 70 , http://image.abcmart.co.kr/nexti/images/list/1855/0066438_list.jpg,black,컨버스화
70,컨버스 , Chuck Taylor All Star 70 , http://image.abcmart.co.kr/nexti/images/list/1360/0066437_list.jpg,black,컨버스화
71,컨버스 , One Star , http://image.abcmart.co.kr/nexti/images/list/1474/0066442_list.jpg,white,컨버스화
72,반스 , SK8-HI , http://image.abcmart.co.kr/nexti/images/list/1464/0066712_list.jpg,navy,컨버스화
73,반스 , SK8-HI , http://image.abcmart.co.kr/nexti/images/list/1969/0066711_list.jpg,black,컨버스화
74,반스 , SK8-HI , http://image.abcmart.co.kr/nexti/images/list/1959/0066713_list.jpg,pink,컨버스화
75,반스 , OLD SKOOL , http://image.abcmart.co.kr/nexti/images/list/1949/0066715_list.jpg,white,컨버스화
76,반스 , OLD SKOOL , http://image.abcmart.co.kr/nexti/images/list/1444/0066716_list.jpg,black,컨버스화
77,반스 , OLD SKOOL , http://image.abcmart.co.kr/nexti/images/list/1454/0066714_list.jpg,white,컨버스화
78,반스 , AUTHENTIC , http://image.abcmart.co.kr/nexti/images/list/1939/0066717_list.jpg,red,컨버스화
79,아디다스 , NIZZA , http://image.abcmart.co.kr/nexti/images/list/1984/0063382_list.jpg,white,컨버스화
80,아디다스 , NIZZA , http://image.abcmart.co.kr/nexti/images/list/1044/0062514_list.jpg,white,컨버스화
81,아디다스 , EQUIPMENT 10 W , http://image.abcmart.co.kr/nexti/images/list/1732/0067283_list.jpg,white,런닝화
82,나이키 , WMNS NIKE REVOLUTION 4 , http://image.abcmart.co.kr/nexti/images/list/1540/0061186_list.jpg,black,런닝화
83,나이키 , W NIKE ZM WINFLO 5 RUN SHIELD , http://image.abcmart.co.kr/nexti/images/list/1771/0066322_list.jpg,black,런닝화
84,나이키 , WMNS NIKE REVOLUTION 4 , http://image.abcmart.co.kr/nexti/images/list/1718/0066347_list.jpg,gray,런닝화
85,나이키 , WMNS NIKE RUNALLDAY , http://image.abcmart.co.kr/nexti/images/list/1223/0066348_list.jpg,white,런닝화
86,나이키 , WMNS NIKE RUNALLDAY , http://image.abcmart.co.kr/nexti/images/list/1004/0061571_list.jpg,gray,런닝화
87,나이키 , NIKE DYNAMO FREE (TD) , http://image.abcmart.co.kr/nexti/images/list/1225/0061510_list.jpg,navy,런닝화
88,아디다스 , ALPHABOUNCE CR W , http://image.abcmart.co.kr/nexti/images/list/1659/0060687_list.jpg,white,런닝화
89,아디다스 , ALPHABOUNCE CR M , http://image.abcmart.co.kr/nexti/images/list/1154/0060686_list.jpg,black,런닝화
90,아디다스 , EQUIPMENT 10 CNY , http://image.abcmart.co.kr/nexti/images/list/1803/0060692_list.jpg,black,런닝화
91,리복 , YOURFLEX TRAINETTE 10 MT , http://image.abcmart.co.kr/nexti/images/list/1642/0060723_list.jpg,gray,런닝화
92,리복 , YOURFLEX TRAIN 10 MT , http://image.abcmart.co.kr/nexti/images/list/1147/0060722_list.jpg,gray,런닝화
93,리복 , RIDGERIDER TRAIL 3.0 , http://image.abcmart.co.kr/nexti/images/list/1971/0060719_list.jpg,gray,런닝화
94,아디다스 , EQUIPMENT 10 M , http://image.abcmart.co.kr/nexti/images/list/1298/0060693_list.jpg,black,런닝화
95,아디다스 , EQUIPMENT 10 W , http://image.abcmart.co.kr/nexti/images/list/1793/0060694_list.jpg,gray,런닝화
96,나이키 , WMNS NIKE CITY TRAINER , http://image.abcmart.co.kr/nexti/images/list/1220/0058461_list.jpg,black,런닝화
97,나이키 , WMNS NIKE LD RUNNER , http://image.abcmart.co.kr/nexti/images/list/1506/0054849_list.jpg,black,런닝화
98,리복 , JET DASHRIDE 6.0 , http://image.abcmart.co.kr/nexti/images/list/1577/0067536_list.jpg,black,런닝화
99,리복 , REEBOK DRIFTIUM , http://image.abcmart.co.kr/nexti/images/list/1082/0067535_list.jpg,gray,런닝화
100,리복 , REEBOK DRIFTIUM , http://image.abcmart.co.kr/nexti/images/list/1587/0067534_list.jpg,black,런닝화
101,아디다스 , ROCKADIA TRAIL , http://image.abcmart.co.kr/nexti/images/list/1640/0066404_list.jpg,black,런닝화
102,아디다스 , ROCKADIA TRAIL , http://image.abcmart.co.kr/nexti/images/list/1176/0066822_list.jpg,black,런닝화
103,아디다스 , ARGECY , http://image.abcmart.co.kr/nexti/images/list/1680/0065744_list.jpg,white,런닝화
104,아디다스 , ARGECY , http://image.abcmart.co.kr/nexti/images/list/1825/0065745_list.jpg,black,런닝화
105,아디다스 , SOLYX , http://image.abcmart.co.kr/nexti/images/list/1925/0065246_list.jpg,white,런닝화
106,아디다스 , SOLYX , http://image.abcmart.co.kr/nexti/images/list/1420/0065245_list.jpg,black,런닝화
107,아디다스 , SOLYX , http://image.abcmart.co.kr/nexti/images/list/1915/0065244_list.jpg,white,런닝화
108,아디다스 , SOLYX , http://image.abcmart.co.kr/nexti/images/list/1410/0065243_list.jpg,black,런닝화
109,아디다스 , CLIMAHEAT ALL TERRAIN W , http://image.abcmart.co.kr/nexti/images/list/1061/0067279_list.jpg,gray,런닝화
110,나이키 , NIKE ZOOM WINFLO 5 RUN SHIELD , http://image.abcmart.co.kr/nexti/images/list/1640/0066297_list.jpg,gray,런닝화
111,나이키 , NIKE RUNALLDAY , http://image.abcmart.co.kr/nexti/images/list/1630/0066295_list.jpg,black,런닝화
112,나이키 , W NIKE ZM WINFLO 5 RUN SHIELD , http://image.abcmart.co.kr/nexti/images/list/1276/0066323_list.jpg,red,런닝화
113,나이키 , NIKE ZOOM WINFLO 5 RUN SHIELD , http://image.abcmart.co.kr/nexti/images/list/1135/0066296_list.jpg,gray,런닝화
114,나이키 , NIKE REVOLUTION 4 , http://image.abcmart.co.kr/nexti/images/list/1125/0066294_list.jpg,black,런닝화
115,나이키 , WMNS NIKE RUNALLDAY , http://image.abcmart.co.kr/nexti/images/list/1886/0062879_list.jpg,black,런닝화
116,나이키 , NIKE RUNALLDAY , http://image.abcmart.co.kr/nexti/images/list/1876/0062877_list.jpg,black,런닝화
117,나이키 , NIKE REVOLUTION 4 , http://image.abcmart.co.kr/nexti/images/list/1550/0061184_list.jpg,black,런닝화
118,나이키 , NIKE DOWNSHIFTER 8 , http://image.abcmart.co.kr/nexti/images/list/1740/0063287_list.jpg,black,런닝화
119,나이키 , NIKE STAR RUNNER BG , http://image.abcmart.co.kr/nexti/images/list/1893/0058448_list.jpg,black,런닝화
120,나이키 , NIKE FLY.BY LOW , http://image.abcmart.co.kr/nexti/images/list/1982/0061162_list.jpg,black,런닝화
121,나이키 , NIKE DOWNSHIFTER 8 , http://image.abcmart.co.kr/nexti/images/list/1859/0066267_list.jpg,navy,런닝화
122,나이키 , WMNS NIKE DOWNSHIFTER 8 , http://image.abcmart.co.kr/nexti/images/list/1146/0066336_list.jpg,white,런닝화
123,나이키 , NIKE AIR MAX ADVANTAGE 2 , http://image.abcmart.co.kr/nexti/images/list/1917/0064506_list.jpg,black,런닝화
124,나이키 , WMNS NIKE AIR MAX AXIS SE , http://image.abcmart.co.kr/nexti/images/list/1661/0066333_list.jpg,gray,런닝화
125,아디다스 , ALPHABOUNCE BEYOND , http://image.abcmart.co.kr/nexti/images/list/1414/0066949_list.jpg,black,런닝화
126,리복 , DMX SERIES 1200 , http://image.abcmart.co.kr/nexti/images/list/1324/0065410_list.jpg,white,런닝화
127,나이키 , NIKE AIR PRECISION II , http://image.abcmart.co.kr/nexti/images/list/1520/0066253_list.jpg,gray,런닝화
128,나이키 , NIKE AIR PRECISION II , http://image.abcmart.co.kr/nexti/images/list/1025/0066252_list.jpg,black,런닝화
129,나이키 , NIKE AIR MAX ADVANTAGE 2 , http://image.abcmart.co.kr/nexti/images/list/1427/0066236_list.jpg,black,런닝화
130,나이키 , NIKE AIR VERSITILE III , http://image.abcmart.co.kr/nexti/images/list/1490/0066259_list.jpg,gray,런닝화
131,나이키 , NIKE AIR VERSITILE III , http://image.abcmart.co.kr/nexti/images/list/1995/0066258_list.jpg,black,런닝화
132,푸마 , Axis v4 MC Mesh , http://image.abcmart.co.kr/nexti/images/list/1683/0066742_list.jpg,white,런닝화
133,아디다스 , CLIMAWARM ALL TERRAIN W , http://image.abcmart.co.kr/nexti/images/list/1153/0066818_list.jpg,black,런닝화
134,아디다스 , CLIMAWARM ALL TERRAIN M , http://image.abcmart.co.kr/nexti/images/list/1658/0066817_list.jpg,black,런닝화
135,나이키 , WMNS NIKE AIR MAX SEQUENT 4 , http://image.abcmart.co.kr/nexti/images/list/1844/0066194_list.jpg,white,런닝화
136,나이키 , NIKE DUALTONE RACER , http://image.abcmart.co.kr/nexti/images/list/1328/0063302_list.jpg,white,런닝화
137,나이키 , WMNS NIKE AIR MAX SEQUENT 3 , http://image.abcmart.co.kr/nexti/images/list/1972/0061164_list.jpg,black,런닝화
138,리복 , DMX SERIES 1200 , http://image.abcmart.co.kr/nexti/images/list/1314/0065412_list.jpg,gray,런닝화
139,나이키 , NIKE FLY.BY LOW , http://image.abcmart.co.kr/nexti/images/list/1205/0062881_list.jpg,white,런닝화
140,나이키 , NIKE AIR MAX ALPHA TRAINER , http://image.abcmart.co.kr/nexti/images/list/1407/0066241_list.jpg,white,런닝화
141,나이키 , NIKE AIR MAX ALPHA TRAINER , http://image.abcmart.co.kr/nexti/images/list/1402/0064503_list.jpg,black,런닝화
142,나이키 , NIKE DYNAMO FREE (PS) , http://image.abcmart.co.kr/nexti/images/list/1726/0061180_list.jpg,black,런닝화
143,나이키 , WMNS NIKE REVOLUTION 4 , http://image.abcmart.co.kr/nexti/images/list/1613/0064463_list.jpg,white,런닝화
144,나이키 , WMNS NIKE AIR MAX AXIS , http://image.abcmart.co.kr/nexti/images/list/1178/0064495_list.jpg,orange,런닝화
145,나이키 , WMNS NIKE AIR MAX SEQUENT 4 , http://image.abcmart.co.kr/nexti/images/list/1329/0066191_list.jpg,black,런닝화
146,나이키 , NIKE REVOLUTION 4 , http://image.abcmart.co.kr/nexti/images/list/1623/0064461_list.jpg,white,런닝화
147,나이키 , NIKE DYNAMO FREE (TD) , http://image.abcmart.co.kr/nexti/images/list/1231/0061181_list.jpg,black,런닝화
148,아식스 , JOLT (4E)(JOG) , http://image.abcmart.co.kr/nexti/images/list/1995/0061831_list.jpg,black,런닝화
149,아디다스 , EQUIPMENT 10 M , http://image.abcmart.co.kr/nexti/images/list/1672/0066484_list.jpg,black,런닝화
150,리복 , DMX SERIES 1200 , http://image.abcmart.co.kr/nexti/images/list/1819/0065411_list.jpg,white,런닝화
151,나이키 , NIKE AIR MAX AXIS , http://image.abcmart.co.kr/nexti/images/list/1663/0064492_list.jpg,gray,런닝화
152,아디다스 , I-5923 X MARATHON , http://image.abcmart.co.kr/nexti/images/list/1125/0066401_list.jpg,navy,런닝화
153,아디다스 , RUN80S , http://image.abcmart.co.kr/nexti/images/list/1780/0064761_list.jpg,black,런닝화
154,나이키 , WMNS NIKE AIR MAX ADVANTAGE 2 , http://image.abcmart.co.kr/nexti/images/list/1671/0066331_list.jpg,pink,런닝화
155,아디다스 , SPEEDBREAK , http://image.abcmart.co.kr/nexti/images/list/1524/0065737_list.jpg,white,런닝화
156,아디다스 , SPEEDBREAK , http://image.abcmart.co.kr/nexti/images/list/1029/0065736_list.jpg,black,런닝화
157,아디다스 , SPEEDEND2END , http://image.abcmart.co.kr/nexti/images/list/1534/0065735_list.jpg,white,런닝화
158,아디다스 , SPEEDEND2END , http://image.abcmart.co.kr/nexti/images/list/1039/0065734_list.jpg,black,런닝화
159,휠라 , DELTA SPEED 3 , http://image.abcmart.co.kr/nexti/images/list/1754/0065320_list.jpg,gray,런닝화
160,휠라 , DELTA SPEED 3 , http://image.abcmart.co.kr/nexti/images/list/1259/0065321_list.jpg,black,런닝화
161,호킨스 , TR IT LW U-TIP , http://image.abcmart.co.kr/nexti/images/list/1841/0047310_list.jpg,black,구두
162,호킨스 , TR IT LW U-TIP , http://image.abcmart.co.kr/nexti/images/list/1336/0047311_list.jpg,brown,구두
163,스테파노로시 , DOUBLE MONK , http://image.abcmart.co.kr/nexti/images/list/1991/0065707_list.jpg,brown,구두
164,스테파노로시 , DOUBLE MONK , http://image.abcmart.co.kr/nexti/images/list/1486/0065706_list.jpg,black,구두
165,호킨스 , PLAIN DERBY , http://image.abcmart.co.kr/nexti/images/list/1367/0065437_list.jpg,brown,구두
166,호킨스 , PLAIN DERBY , http://image.abcmart.co.kr/nexti/images/list/1872/0065436_list.jpg,black,구두
167,닥터마틴 , 1461 MONO , http://image.abcmart.co.kr/nexti/images/list/1964/0049614_list.jpg,black,구두
168,닥터마틴 , MATERIAL UPDATES , http://image.abcmart.co.kr/nexti/images/list/1325/0012381_list.jpg,black,구두
169,호킨스 , 4INCH PLAIN , http://image.abcmart.co.kr/nexti/images/list/1055/0050538_list.jpg,brown,구두
170,호킨스 , 4INCH PLAIN , http://image.abcmart.co.kr/nexti/images/list/1560/0050539_list.jpg,brown,구두
171,스테파노로시 , TIROLEAN , http://image.abcmart.co.kr/nexti/images/list/1167/0065110_list.jpg,brown,구두
172,호킨스 , PLAIN TOE , http://image.abcmart.co.kr/nexti/images/list/1109/0064847_list.jpg,brown,구두
173,호킨스 , PLAIN SNEAKER , http://image.abcmart.co.kr/nexti/images/list/1607/0064241_list.jpg,brown,구두
174,호킨스 , PLAIN MONK , http://image.abcmart.co.kr/nexti/images/list/1689/0064274_list.jpg,brown,구두
175,호킨스 , PLAIN MONK , http://image.abcmart.co.kr/nexti/images/list/1184/0064273_list.jpg,black,구두
176,호킨스 , PLAIN SNEAKER , http://image.abcmart.co.kr/nexti/images/list/1112/0064240_list.jpg,brown,구두
177,호킨스 , PLAIN SNEAKER , http://image.abcmart.co.kr/nexti/images/list/1926/0064239_list.jpg,black,구두
178,호킨스 , PLAIN LOW , http://image.abcmart.co.kr/nexti/images/list/1331/0062304_list.jpg,brown,구두
179,호킨스 , PLAIN LOW , http://image.abcmart.co.kr/nexti/images/list/1781/0059119_list.jpg,black,구두
180,누오보 , SONNY 3 , http://image.abcmart.co.kr/nexti/images/list/1749/0064614_list.jpg,black,구두
181,누오보 , SONNY 3 , http://image.abcmart.co.kr/nexti/images/list/1244/0064615_list.jpg,black,구두
182,호킨스 , LOAFER LT , http://image.abcmart.co.kr/nexti/images/list/1669/0063978_list.jpg,brown,구두
183,호킨스 , LOAFER LT , http://image.abcmart.co.kr/nexti/images/list/1164/0063977_list.jpg,black,구두
184,호킨스 , Y-TIP LT , http://image.abcmart.co.kr/nexti/images/list/1659/0063976_list.jpg,brown,구두
185,호킨스 , PLAIN LT , http://image.abcmart.co.kr/nexti/images/list/1154/0063975_list.jpg,brown,구두
186,호킨스 , Y-TIP LT , http://image.abcmart.co.kr/nexti/images/list/1087/0060485_list.jpg,black,구두
187,호킨스 , PLAIN LT , http://image.abcmart.co.kr/nexti/images/list/1572/0060482_list.jpg,black,구두
188,호킨스 , PLAIN LT , http://image.abcmart.co.kr/nexti/images/list/1067/0060481_list.jpg,black,구두
189,스테파노로시 , PLAIN SEMI , http://image.abcmart.co.kr/nexti/images/list/1122/0062464_list.jpg,black,구두
190,스테파노로시 , PLAIN SEMI , http://image.abcmart.co.kr/nexti/images/list/1627/0062463_list.jpg,black,구두
191,닥터마틴 , PATRICIA , http://image.abcmart.co.kr/nexti/images/list/1978/0065221_list.jpg,brown,구두
192,닥터마틴 , GHILLIE SHOE , http://image.abcmart.co.kr/nexti/images/list/1988/0065223_list.jpg,brown,구두
193,닥터마틴 , ELSFIELD , http://image.abcmart.co.kr/nexti/images/list/1659/0065219_list.jpg,black,구두
194,닥터마틴 , ELSFIELD , http://image.abcmart.co.kr/nexti/images/list/1473/0065220_list.jpg,brown,구두
195,닥터마틴 , GHILLIE SHOE , http://image.abcmart.co.kr/nexti/images/list/1483/0065222_list.jpg,black,구두
196,닥터마틴 , PATRICIA , http://image.abcmart.co.kr/nexti/images/list/1454/0064631_list.jpg,black,구두
197,호킨스 , COOL S-TIP , http://image.abcmart.co.kr/nexti/images/list/1867/0062218_list.jpg,brown,구두
198,호킨스 , COOL S-TIP , http://image.abcmart.co.kr/nexti/images/list/1372/0062217_list.jpg,black,구두
199,호킨스 , COOL U-TIP , http://image.abcmart.co.kr/nexti/images/list/1382/0062215_list.jpg,black,구두
200,호킨스 , TR IT LW OX , http://image.abcmart.co.kr/nexti/images/list/1160/0047308_list.jpg,brown,구두
201,누오보 , LUKAS 6 , http://image.abcmart.co.kr/nexti/images/list/1256/0046516_list.jpg,brown,힐
202,누오보 , LUKAS 6 , http://image.abcmart.co.kr/nexti/images/list/1761/0046515_list.jpg,black,힐
203,누오보 , FOXY 5 , http://image.abcmart.co.kr/nexti/images/list/1840/0060497_list.jpg,white,힐
204,누오보 , FOXY 5 , http://image.abcmart.co.kr/nexti/images/list/1053/0055014_list.jpg,black,힐
205,누오보 , STEPHANIE 4.5 , http://image.abcmart.co.kr/nexti/images/list/1111/0064294_list.jpg,pink,힐
206,누오보 , STEPHANIE 4.5 , http://image.abcmart.co.kr/nexti/images/list/1606/0064293_list.jpg,black,힐
207,누오보 , ZELIA 6.5 , http://image.abcmart.co.kr/nexti/images/list/1258/0064282_list.jpg,brown,힐
208,누오보 , ZELIA 6.5 , http://image.abcmart.co.kr/nexti/images/list/1753/0064283_list.jpg,khaki,힐
209,누오보 , ZELIA 6.5 , http://image.abcmart.co.kr/nexti/images/list/1763/0064281_list.jpg,black,힐
210,누오보 , ZIETA 4 , http://image.abcmart.co.kr/nexti/images/list/1099/0051647_list.jpg,khaki,힐
211,누오보 , ZIETA 4 , http://image.abcmart.co.kr/nexti/images/list/1604/0051646_list.jpg,black,힐
212,누오보 , ZERA 6 , http://image.abcmart.co.kr/nexti/images/list/1466/0060639_list.jpg,white,힐
213,누오보 , ZERA 6 , http://image.abcmart.co.kr/nexti/images/list/1961/0060638_list.jpg,black,힐
214,누오보 , JENNA 4.5 , http://image.abcmart.co.kr/nexti/images/list/1109/0054901_list.jpg,black,힐
215,누오보 , JENNA 4.5 , http://image.abcmart.co.kr/nexti/images/list/1604/0054902_list.jpg,white,힐
216,누오보 , FOXY 5 , http://image.abcmart.co.kr/nexti/images/list/1089/0051649_list.jpg,black,힐
217,누오보 , CHARLOTTE 7 , http://image.abcmart.co.kr/nexti/images/list/1808/0061454_list.jpg,gray,힐
218,누오보 , ANTHEA 2.5 , http://image.abcmart.co.kr/nexti/images/list/1636/0060501_list.jpg,white,힐
219,누오보 , HOLLIE 4.5 , http://image.abcmart.co.kr/nexti/images/list/1345/0060496_list.jpg,red,힐
220,누오보 , FOXY 5 , http://image.abcmart.co.kr/nexti/images/list/1770/0051651_list.jpg,khaki,힐
221,누오보 , FOXY 5 , http://image.abcmart.co.kr/nexti/images/list/1275/0051650_list.jpg,brown,힐
222,누오보 , ELYSIA 6 , http://image.abcmart.co.kr/nexti/images/list/1148/0048239_list.jpg,black,힐
223,누오보 , LUKAS 6 , http://image.abcmart.co.kr/nexti/images/list/1751/0046517_list.jpg,gray,힐
224,누오보 , ALINA 5 , http://image.abcmart.co.kr/nexti/images/list/1701/0042427_list.jpg,white,힐
225,나이키 , BENASSI JDI , http://image.abcmart.co.kr/nexti/images/list/1535/0037522_list.jpg,navy,샌들
226,베어파우 , TANIA , http://image.abcmart.co.kr/nexti/images/list/1157/0067369_list.jpg,gray,샌들
227,베어파우 , TANIA , http://image.abcmart.co.kr/nexti/images/list/1971/0067370_list.jpg,brown,샌들
228,베어파우 , JENNY , http://image.abcmart.co.kr/nexti/images/list/1939/0067246_list.jpg,brown,샌들
229,베어파우 , JENNY , http://image.abcmart.co.kr/nexti/images/list/1055/0067057_list.jpg,white,샌들
230,베어파우 , CALVIN , http://image.abcmart.co.kr/nexti/images/list/1523/0067251_list.jpg,brown,샌들
231,베어파우 , CALVIN , http://image.abcmart.co.kr/nexti/images/list/1045/0067059_list.jpg,black,샌들
232,크록스 , Classic Blitzen III Clog , http://image.abcmart.co.kr/nexti/images/list/1411/0066580_list.jpg,brown,샌들
233,크록스 , CROCS FL LINED MICKEY CLOG K , http://image.abcmart.co.kr/nexti/images/list/1109/0066531_list.jpg,red,샌들
234,크록스 , CROCS FL LINED FROZEN CLOG K , http://image.abcmart.co.kr/nexti/images/list/1614/0066530_list.jpg,purple,샌들
235,크록스 , CLASSIC LINED GRAPHIC CLOG K , http://image.abcmart.co.kr/nexti/images/list/1828/0066521_list.jpg,camo,샌들
236,크록스 , CLASSIC LINED GRAPHIC CLOG K , http://image.abcmart.co.kr/nexti/images/list/1428/0066529_list.jpg,navy,샌들
237,크록스 , RALEN LINED CLOG K , http://image.abcmart.co.kr/nexti/images/list/1004/0066518_list.jpg,black,샌들
238,크록스 , RALEN LINED CLOG K , http://image.abcmart.co.kr/nexti/images/list/1323/0066520_list.jpg,pink,샌들
239,크록스 , RALEN LINED CLOG K , http://image.abcmart.co.kr/nexti/images/list/1509/0066519_list.jpg,black,샌들
240,크록스 , CLASSIC SLIPPER , http://image.abcmart.co.kr/nexti/images/list/1099/0066533_list.jpg,navy,샌들
241,크록스 , CLASSIC SLIPPER , http://image.abcmart.co.kr/nexti/images/list/1604/0066532_list.jpg,black,샌들
242,크록스 , CLASSIC SLIPPER , http://image.abcmart.co.kr/nexti/images/list/1594/0066534_list.jpg,pink,샌들
243,크록스 , Classic Blitzen III Clog , http://image.abcmart.co.kr/nexti/images/list/1421/0060029_list.jpg,black,샌들
244,크록스 , Classic Lined Clog , http://image.abcmart.co.kr/nexti/images/list/1401/0060025_list.jpg,black,샌들
245,크록스 , CLASSIC LINED CLOG , http://image.abcmart.co.kr/nexti/images/list/1445/0054082_list.jpg,black,샌들
246,탐스 , LAVENDER QUILTED IVY (W) , http://image.abcmart.co.kr/nexti/images/list/1943/0066386_list.jpg,white,샌들
247,탐스 , SPRUCE PLAID FELT IVY (W) , http://image.abcmart.co.kr/nexti/images/list/1448/0066385_list.jpg,green,샌들
248,탐스 , RED PLAID FELT IVY (W) , http://image.abcmart.co.kr/nexti/images/list/1953/0066384_list.jpg,red,샌들
249,탐스 , STELLAR BLUE QUILTED IVY (W) , http://image.abcmart.co.kr/nexti/images/list/1458/0066383_list.jpg,green,샌들
250,탐스 , LIGHT PINE QUILTED BERKLEY (M) , http://image.abcmart.co.kr/nexti/images/list/1386/0066390_list.jpg,green,샌들
251,탐스 , SPRUCE PLAID FELT BERKLEY (M) , http://image.abcmart.co.kr/nexti/images/list/1572/0066389_list.jpg,green,샌들
252,베르베나스 , VELVET , http://image.abcmart.co.kr/nexti/images/list/1773/0063987_list.jpg,pink,샌들
253,베르베나스 , VELVET , http://image.abcmart.co.kr/nexti/images/list/1278/0063986_list.jpg,black,샌들
254,크록스 , CROCSSLOANE TIMELESS PEARL SLD , http://image.abcmart.co.kr/nexti/images/list/1675/0065815_list.jpg,black,샌들
255,크록스 , CLSC TIMELESS CLASH PEARLS CLG , http://image.abcmart.co.kr/nexti/images/list/1695/0065811_list.jpg,white,샌들
256,크록스 , CROCBAND PLATFORM CLOG , http://image.abcmart.co.kr/nexti/images/list/1014/0065809_list.jpg,black,샌들
257,크록스 , CROCBAND PLATFORM CLOG , http://image.abcmart.co.kr/nexti/images/list/1272/0065807_list.jpg,gray,샌들
258,크록스 , CROCBAND CAMO SPEC CLOG K , http://image.abcmart.co.kr/nexti/images/list/1262/0065805_list.jpg,camo,샌들
259,크록스 , CROCBAND GALLERY CLOG K , http://image.abcmart.co.kr/nexti/images/list/1757/0065804_list.jpg,white,샌들
260,크록스 , Crocband Clog k , http://image.abcmart.co.kr/nexti/images/list/1735/0056044_list.jpg,black,샌들
261,크록스 , Crocband Clog k , http://image.abcmart.co.kr/nexti/images/list/1230/0056043_list.jpg,black,샌들
262,크록스 , CROCBAND , http://image.abcmart.co.kr/nexti/images/list/1304/0032535_list.jpg,black,샌들
263,크록스 , CROCBAND , http://image.abcmart.co.kr/nexti/images/list/1360/0019800_list.jpg,black,샌들
264,크록스 , CROCBAND , http://image.abcmart.co.kr/nexti/images/list/1059/0019797_list.jpg,black,샌들
265,스테파노로시 , CHELSEA BOOTS , http://image.abcmart.co.kr/nexti/images/list/1295/0065709_list.jpg,brown,부츠
266,스테파노로시 , CHELSEA BOOTS , http://image.abcmart.co.kr/nexti/images/list/1496/0065708_list.jpg,black,부츠
267,호킨스 , PLAIN ZIP BOOTS , http://image.abcmart.co.kr/nexti/images/list/1862/0065438_list.jpg,black,부츠
268,호킨스 , PLAIN ZIP BOOTS , http://image.abcmart.co.kr/nexti/images/list/1357/0065439_list.jpg,brown,부츠
269,호킨스 , SPONSA , http://image.abcmart.co.kr/nexti/images/list/1823/0051564_list.jpg,brown,부츠
270,호킨스 , SPONSA , http://image.abcmart.co.kr/nexti/images/list/1254/0034366_list.jpg,brown,부츠
271,호킨스 , SPONSA , http://image.abcmart.co.kr/nexti/images/list/1177/0033087_list.jpg,brown,부츠
272,호킨스 , SPONSA , http://image.abcmart.co.kr/nexti/images/list/1614/0033086_list.jpg,brown,부츠
273,호킨스 , SPONSA , http://image.abcmart.co.kr/nexti/images/list/1109/0033085_list.jpg,black,부츠
274,나이키 , NIKE MANOA LEATHER , http://image.abcmart.co.kr/nexti/images/list/1786/0066288_list.jpg,brown,부츠
275,나이키 , NIKE MANOA LEATHER , http://image.abcmart.co.kr/nexti/images/list/1281/0066287_list.jpg,black,부츠
276,닥터마틴 , ROMETTY , http://image.abcmart.co.kr/nexti/images/list/1909/0067048_list.jpg,black,부츠
277,누오보 , REMY 3.5 , http://image.abcmart.co.kr/nexti/images/list/1533/0065442_list.jpg,black,부츠
278,누오보 , REMY 3.5 , http://image.abcmart.co.kr/nexti/images/list/1972/0065443_list.jpg,black,부츠
279,누오보 , RINGO 3.5 , http://image.abcmart.co.kr/nexti/images/list/1038/0065441_list.jpg,black,부츠
280,누오보 , RINGO 3.5 , http://image.abcmart.co.kr/nexti/images/list/1543/0065440_list.jpg,black,부츠
281,호킨스 , JAMES , http://image.abcmart.co.kr/nexti/images/list/1385/0064876_list.jpg,brown,부츠
282,호킨스 , 4 INCH PLAIN , http://image.abcmart.co.kr/nexti/images/list/1410/0034373_list.jpg,brown,부츠
283,호킨스 , 4 INCH PLAIN , http://image.abcmart.co.kr/nexti/images/list/1333/0033094_list.jpg,brown,부츠
284,호킨스 , 4 INCH PLAIN , http://image.abcmart.co.kr/nexti/images/list/1838/0033093_list.jpg,black,부츠
285,누오보 , PETRA 6 , http://image.abcmart.co.kr/nexti/images/list/1004/0065003_list.jpg,black,부츠
286,누오보 , PETRA 6 , http://image.abcmart.co.kr/nexti/images/list/1787/0065004_list.jpg,black,부츠
287,호킨스 , ALFIE , http://image.abcmart.co.kr/nexti/images/list/1219/0064881_list.jpg,black,부츠
288,호킨스 , ALFIE , http://image.abcmart.co.kr/nexti/images/list/1724/0064882_list.jpg,brown,부츠
289,누오보 , SHAINA 3.5 , http://image.abcmart.co.kr/nexti/images/list/1961/0046759_list.jpg,brown,부츠
290,누오보 , SHAINA 3.5 , http://image.abcmart.co.kr/nexti/images/list/1456/0046758_list.jpg,black,부츠
291,누오보 , POCO 4 , http://image.abcmart.co.kr/nexti/images/list/1943/0065011_list.jpg,black,부츠
292,누오보 , POCO 4 , http://image.abcmart.co.kr/nexti/images/list/1438/0065012_list.jpg,black,부츠
293,누오보 , MOLY 7 , http://image.abcmart.co.kr/nexti/images/list/1911/0065020_list.jpg,gray,부츠
294,누오보 , MOLY 7 , http://image.abcmart.co.kr/nexti/images/list/1097/0065019_list.jpg,black,부츠
295,누오보 , TANESIA 6 , http://image.abcmart.co.kr/nexti/images/list/1770/0064808_list.jpg,brown,부츠
296,누오보 , TANESIA 6 , http://image.abcmart.co.kr/nexti/images/list/1265/0064807_list.jpg,black,부츠
297,대너 , MOUNTAIN 600 CHELSEA , http://image.abcmart.co.kr/nexti/images/list/1408/0063915_list.jpg,brown,부츠
298,대너 , MOUNTAIN 600 CHELSEA , http://image.abcmart.co.kr/nexti/images/list/1903/0063916_list.jpg,black,부츠
299,호킨스 , OXFORD , http://image.abcmart.co.kr/nexti/images/list/1946/0055787_list.jpg,brown,부츠
300,호킨스 , OXFORD , http://image.abcmart.co.kr/nexti/images/list/1949/0033850_list.jpg,black,부츠
301,호킨스 , OXFORD , http://image.abcmart.co.kr/nexti/images/list/1763/0033849_list.jpg,brown,부츠
302,닥터마틴 ,1460, http://image.abcmart.co.kr/nexti/images/list/1565/0058822_list.jpg,black,부츠
303,팀버랜드 , 6IN PREMIUM BOOT , http://image.abcmart.co.kr/nexti/images/list/1078/0040013_list.jpg,brown,부츠
304,닥터마틴 ,2976, http://image.abcmart.co.kr/nexti/images/list/1627/0046917_list.jpg,black,부츠
305,나이키 , NIKE AIR MAX ADVANTAGE 2 GTV , http://image.abcmart.co.kr/nexti/images/list/1902/0066240_list.jpg,purple,스니커즈
306,블라도 , FELIZ , http://image.abcmart.co.kr/nexti/images/list/1135/0066078_list.jpg,black,스니커즈
307,블라도 , FELIZ , http://image.abcmart.co.kr/nexti/images/list/1640/0066077_list.jpg,white,스니커즈
308,푸마 , Thunder KSMU , http://image.abcmart.co.kr/nexti/images/list/1101/0065464_list.jpg,white,스니커즈
309,블라도 , VERNON , http://image.abcmart.co.kr/nexti/images/list/1110/0061405_list.jpg,white,스니커즈
310,아디다스 , FOREST GROVE CF I , http://image.abcmart.co.kr/nexti/images/list/1617/0067291_list.jpg,pink,스니커즈
311,그라비스 , TANKER SYN , http://image.abcmart.co.kr/nexti/images/list/1698/0066138_list.jpg,white,스니커즈
312,그라비스 , TANKER SYN , http://image.abcmart.co.kr/nexti/images/list/1708/0066136_list.jpg,black,스니커즈
313,그라비스 , HARVEY , http://image.abcmart.co.kr/nexti/images/list/1306/0066152_list.jpg,black,스니커즈
314,아디다스 , FOREST GROVE CF I , http://image.abcmart.co.kr/nexti/images/list/1112/0067290_list.jpg,green,스니커즈
315,아디다스 , STAN SMITH , http://image.abcmart.co.kr/nexti/images/list/1851/0067301_list.jpg,black,스니커즈
316,아디다스 , STAN SMITH , http://image.abcmart.co.kr/nexti/images/list/1346/0067300_list.jpg,white,스니커즈
317,아디다스 , FOREST GROVE CF I , http://image.abcmart.co.kr/nexti/images/list/1298/0067289_list.jpg,black,스니커즈
318,아디다스 , FORTARUN AC I , http://image.abcmart.co.kr/nexti/images/list/1122/0067292_list.jpg,red,스니커즈
319,아디다스 , FORTARUN AC I , http://image.abcmart.co.kr/nexti/images/list/1884/0064365_list.jpg,black,스니커즈
320,아디다스 , VS ADVANTAGE CL , http://image.abcmart.co.kr/nexti/images/list/1362/0062581_list.jpg,white,스니커즈
321,반스 , WORKER BEE , http://image.abcmart.co.kr/nexti/images/list/1595/0057346_list.jpg,brown,스니커즈
322,반스 , WORKER BEE , http://image.abcmart.co.kr/nexti/images/list/1100/0057347_list.jpg,brown,스니커즈
323,아디다스 , FALCON W , http://image.abcmart.co.kr/nexti/images/list/1722/0067285_list.jpg,gray,스니커즈
324,아디다스 , FORTARUN AC I , http://image.abcmart.co.kr/nexti/images/list/1627/0067293_list.jpg,navy,스니커즈
325,아디다스 , FORTARUN AC K , http://image.abcmart.co.kr/nexti/images/list/1637/0067295_list.jpg,navy,스니커즈
326,아디다스 , FORTARUN AC K , http://image.abcmart.co.kr/nexti/images/list/1132/0067294_list.jpg,red,스니커즈
327,나이키 , W NIKE M2K TEKNO , http://image.abcmart.co.kr/nexti/images/list/1947/0066319_list.jpg,black,스니커즈
328,나이키 , NIKE M2K TEKNO , http://image.abcmart.co.kr/nexti/images/list/1739/0066283_list.jpg,white,스니커즈
329,아디다스 , FORTARUN AC K , http://image.abcmart.co.kr/nexti/images/list/1126/0064367_list.jpg,black,스니커즈
330,휠라 , DISRUPTOR 2 , http://image.abcmart.co.kr/nexti/images/list/1688/0060266_list.jpg,white,스니커즈
331,휠라 , DISRUPTOR 2 , http://image.abcmart.co.kr/nexti/images/list/1543/0067572_list.jpg,black,스니커즈
332,아디다스 , FALCON W , http://image.abcmart.co.kr/nexti/images/list/1783/0067286_list.jpg,red,스니커즈
333,그라비스 , TARMAC SUEDE , http://image.abcmart.co.kr/nexti/images/list/1233/0066131_list.jpg,brown,스니커즈
334,그라비스 , TARMAC SUEDE , http://image.abcmart.co.kr/nexti/images/list/1738/0066130_list.jpg,black,스니커즈
335,아디다스 , STAN SMITH W , http://image.abcmart.co.kr/nexti/images/list/1356/0067302_list.jpg,white,스니커즈
336,아디다스 , SUPERSTAR W , http://image.abcmart.co.kr/nexti/images/list/1910/0067308_list.jpg,white,스니커즈
337,나이키 , NIKE AIR MAX ADVANTAGE 2 BTV , http://image.abcmart.co.kr/nexti/images/list/1417/0066238_list.jpg,navy,스니커즈
338,나이키 , NIKE EBERNON MID WINTER , http://image.abcmart.co.kr/nexti/images/list/1078/0066277_list.jpg,brown,스니커즈
339,나이키 , NIKE DILATTA PREMIUM , http://image.abcmart.co.kr/nexti/images/list/1849/0066265_list.jpg,black,스니커즈
340,나이키 , NIKE DYNAMO FREE (PS) , http://image.abcmart.co.kr/nexti/images/list/1869/0066269_list.jpg,pink,스니커즈
341,나이키 , NIKE COURT BOROUGH LOW SL BPV , http://image.abcmart.co.kr/nexti/images/list/1676/0066260_list.jpg,white,스니커즈
342,아디다스 , VL COURT 2.0 CMF I , http://image.abcmart.co.kr/nexti/images/list/1229/0066126_list.jpg,white,스니커즈
343,아디다스 , VL COURT 2.0 CMF C , http://image.abcmart.co.kr/nexti/images/list/1724/0066125_list.jpg,white,스니커즈
344,아디다스 , FALCON W , http://image.abcmart.co.kr/nexti/images/list/1199/0066120_list.jpg,pink,스니커즈
345,아디다스 , SUPERSTAR CF I , http://image.abcmart.co.kr/nexti/images/list/1172/0060053_list.jpg,white,스니커즈
346,나이키 , NIKE COURT ROYALE BPV , http://image.abcmart.co.kr/nexti/images/list/1014/0059846_list.jpg,white,스니커즈
347,나이키 , WMNS OCEANIA TEXTILE , http://image.abcmart.co.kr/nexti/images/list/1031/0061518_list.jpg,black,스니커즈
348,나이키 , AIR MONARCH IV , http://image.abcmart.co.kr/nexti/images/list/1041/0061516_list.jpg,white,스니커즈
349,나이키 , AIR MONARCH IV , http://image.abcmart.co.kr/nexti/images/list/1546/0061515_list.jpg,black,스니커즈
350,아디다스 , SWIFT RUN , http://image.abcmart.co.kr/nexti/images/list/1646/0061874_list.jpg,white,스니커즈
351,아디다스 , SUPERSTAR , http://image.abcmart.co.kr/nexti/images/list/1559/0060704_list.jpg,white,스니커즈
352,아디다스 , SUPERSTAR , http://image.abcmart.co.kr/nexti/images/list/1946/0060705_list.jpg,white,스니커즈
353,아디다스 , SUPERSTAR W , http://image.abcmart.co.kr/nexti/images/list/1451/0060706_list.jpg,white,스니커즈
354,리복 , CLUB C 85 EMBOSS , http://image.abcmart.co.kr/nexti/images/list/1285/0060711_list.jpg,white,스니커즈
355,리복 , EXOFIT LO CLEAN LOGO INT , http://image.abcmart.co.kr/nexti/images/list/1790/0060712_list.jpg,white,스니커즈
356,아디다스 , STAN SMITH , http://image.abcmart.co.kr/nexti/images/list/1569/0060702_list.jpg,white,스니커즈
357,나이키 , NIKE AIR MAX INVIGOR MID , http://image.abcmart.co.kr/nexti/images/list/1172/0059880_list.jpg,brown,스니커즈
358,나이키 , NIKE SB DELTA FORCE VULC , http://image.abcmart.co.kr/nexti/images/list/1273/0058486_list.jpg,black,스니커즈
359,나이키 , AIR MAX GUILE , http://image.abcmart.co.kr/nexti/images/list/1461/0058426_list.jpg,gray,스니커즈
360,나이키 , PICO 4 BPV , http://image.abcmart.co.kr/nexti/images/list/1634/0058470_list.jpg,white,스니커즈
361,나이키 , NIKE PICO 4 (PSV) , http://image.abcmart.co.kr/nexti/images/list/1834/0056890_list.jpg,white,스니커즈
362,리복 , REEBOK ROYAL COMPLETE 2LCS , http://image.abcmart.co.kr/nexti/images/list/1954/0062927_list.jpg,white,스니커즈
363,아디다스 , VS ADVANTAGE CL CMF , http://image.abcmart.co.kr/nexti/images/list/1518/0062574_list.jpg,white,스니커즈
364,아디다스 , VS ADVANTAGE CL CMF , http://image.abcmart.co.kr/nexti/images/list/1013/0062573_list.jpg,white,스니커즈
365,아디다스 , SUPERSTAR FOUNDATION CF C , http://image.abcmart.co.kr/nexti/images/list/1078/0041388_list.jpg,white,스니커즈
366,아디다스 , FALCON W , http://image.abcmart.co.kr/nexti/images/list/1288/0067287_list.jpg,pink,스니커즈
367,컨버스 , Chuck Taylor All Star 70 HI , http://image.abcmart.co.kr/nexti/images/list/1390/0066431_list.jpg,red,스니커즈
368,리복 , REEBOK ROYAL BRIDGE 2.0 , http://image.abcmart.co.kr/nexti/images/list/1751/0066834_list.jpg,black,스니커즈
369,리복 , REEBOK ROYAL BRIDGE 2.0 , http://image.abcmart.co.kr/nexti/images/list/1256/0066833_list.jpg,white,스니커즈
370,리복 , REEBOK ROYAL DASHONIC SYL , http://image.abcmart.co.kr/nexti/images/list/1511/0066515_list.jpg,white,스니커즈
371,리복 , REEBOK ROYAL DASHONIC SYL , http://image.abcmart.co.kr/nexti/images/list/1847/0065303_list.jpg,white,스니커즈
372,리복 , REEBOK ROYAL DASHONIC SYL , http://image.abcmart.co.kr/nexti/images/list/1016/0066514_list.jpg,white,스니커즈
373,아디다스 , FALCON W , http://image.abcmart.co.kr/nexti/images/list/1385/0066119_list.jpg,white,스니커즈
374,아디다스 , FALCON W , http://image.abcmart.co.kr/nexti/images/list/1209/0066122_list.jpg,black,스니커즈
375,아디다스 , FALCON W , http://image.abcmart.co.kr/nexti/images/list/1704/0066121_list.jpg,gray,스니커즈
376,리복 , REEBOK ROYAL BRIDGE 2.0 , http://image.abcmart.co.kr/nexti/images/list/1090/0065313_list.jpg,white,스니커즈
377,리복 , REEBOK ROYAL TECHQUE T , http://image.abcmart.co.kr/nexti/images/list/1595/0065312_list.jpg,white,스니커즈
378,리복 , REEBOK ROYAL COMPLETE2LCS , http://image.abcmart.co.kr/nexti/images/list/1585/0065314_list.jpg,white,스니커즈
379,리복 , REEBOK ROYAL GLIDE , http://image.abcmart.co.kr/nexti/images/list/1100/0065311_list.jpg,white,스니커즈
380,리복 , REEBOK ROYAL BRIDGE 2.0 , http://image.abcmart.co.kr/nexti/images/list/1857/0065305_list.jpg,white,스니커즈
381,리복 , REEBOK ROYAL BRIDGE 2.0 , http://image.abcmart.co.kr/nexti/images/list/1934/0065306_list.jpg,white,스니커즈
382,리복 , REEBOK ROYAL BRIDGE 2.0 , http://image.abcmart.co.kr/nexti/images/list/1429/0065307_list.jpg,gray,스니커즈
383,리복 , REEBOK ROYAL BRIDGE 2.0 , http://image.abcmart.co.kr/nexti/images/list/1352/0065304_list.jpg,gray,스니커즈
384,리복 , REEBOK ROYAL COMPLETE2VEL , http://image.abcmart.co.kr/nexti/images/list/1419/0065309_list.jpg,white,스니커즈
385,누오보 , BABETTE , http://image.abcmart.co.kr/nexti/images/list/1942/0064990_list.jpg,brown,구두
386,누오보 , BABETTE , http://image.abcmart.co.kr/nexti/images/list/1437/0064991_list.jpg,brown,구두
387,누오보 , BABETTE , http://image.abcmart.co.kr/nexti/images/list/1932/0064992_list.jpg,red,구두
388,누오보 , BABETTE , http://image.abcmart.co.kr/nexti/images/list/1756/0064989_list.jpg,brown,구두
389,호킨스 , SPIRULINA , http://image.abcmart.co.kr/nexti/images/list/1807/0064896_list.jpg,brown,구두
390,호킨스 , SPIRULINA , http://image.abcmart.co.kr/nexti/images/list/1312/0064897_list.jpg,pink,구두
391,누오보 , MUSTELA 1.5 , http://image.abcmart.co.kr/nexti/images/list/1699/0064276_list.jpg,black,구두
392,누오보 , MUSTELA 1.5 , http://image.abcmart.co.kr/nexti/images/list/1194/0064275_list.jpg,black,구두
393,스카 , WOLLY , http://image.abcmart.co.kr/nexti/images/list/1902/0063623_list.jpg,black,구두
394,스카 , WOLLY , http://image.abcmart.co.kr/nexti/images/list/1407/0063622_list.jpg,black,구두
395,스카 , PINKO , http://image.abcmart.co.kr/nexti/images/list/1241/0063617_list.jpg,black,구두
396,스카 , PINKO , http://image.abcmart.co.kr/nexti/images/list/1746/0063616_list.jpg,black,구두
397,호킨스 , LOUIE , http://image.abcmart.co.kr/nexti/images/list/1542/0065180_list.jpg,pink,구두
398,호킨스 , LOUIE , http://image.abcmart.co.kr/nexti/images/list/1861/0065178_list.jpg,white,구두
399,호킨스 , LOUIE , http://image.abcmart.co.kr/nexti/images/list/1356/0065179_list.jpg,black,구두
400,누오보 , SIENA 1.5 , http://image.abcmart.co.kr/nexti/images/list/1248/0064284_list.jpg,black,구두
401,누오보 , SIENA 1.5 , http://image.abcmart.co.kr/nexti/images/list/1743/0064285_list.jpg,black,구두
402,누오보 , OTIS 2 , http://image.abcmart.co.kr/nexti/images/list/1205/0058534_list.jpg,white,구두
403,누오보 , OTIS 2 , http://image.abcmart.co.kr/nexti/images/list/1710/0058533_list.jpg,black,구두
404,스토 , CLASSIC-T STRAP , http://image.abcmart.co.kr/nexti/images/list/1329/0063565_list.jpg,white,구두
405,스토 , CLASSIC-T STRAP , http://image.abcmart.co.kr/nexti/images/list/1834/0063564_list.jpg,black,구두
406,스토 , PONY RIBBORN , http://image.abcmart.co.kr/nexti/images/list/1319/0063567_list.jpg,pink,구두
407,스토 , PONY RIBBORN , http://image.abcmart.co.kr/nexti/images/list/1824/0063566_list.jpg,brown,구두
408,호킨스 , MAISIE , http://image.abcmart.co.kr/nexti/images/list/1918/0062361_list.jpg,gray,구두
409,호킨스 , MAISIE , http://image.abcmart.co.kr/nexti/images/list/1423/0062360_list.jpg,black,구두
410,호킨스 , BLANCHE , http://image.abcmart.co.kr/nexti/images/list/1853/0061493_list.jpg,pink,구두
411,호킨스 , BLANCHE , http://image.abcmart.co.kr/nexti/images/list/1358/0061492_list.jpg,black,구두
412,누오보 , FLORENCE 1.5 , http://image.abcmart.co.kr/nexti/images/list/1074/0061481_list.jpg,red,구두
413,스틸모다 , CORALLO , http://image.abcmart.co.kr/nexti/images/list/1404/0060509_list.jpg,red,구두
414,스틸모다 , CORALLO , http://image.abcmart.co.kr/nexti/images/list/1899/0060508_list.jpg,black,구두
415,스틸모다 , RONY , http://image.abcmart.co.kr/nexti/images/list/1889/0060506_list.jpg,white,구두
416,스틸모다 , RONY , http://image.abcmart.co.kr/nexti/images/list/1394/0060507_list.jpg,black,구두
417,호킨스 , KATY , http://image.abcmart.co.kr/nexti/images/list/1368/0061490_list.jpg,black,구두
418,호킨스 , KATY , http://image.abcmart.co.kr/nexti/images/list/1863/0061491_list.jpg,red,구두
419,스카 , DALIA , http://image.abcmart.co.kr/nexti/images/list/1746/0058078_list.jpg,gray,구두
420,비앤더블유 , POM , http://image.abcmart.co.kr/nexti/images/list/1437/0058091_list.jpg,gray,구두
421,누오보 , LALA 1.5 , http://image.abcmart.co.kr/nexti/images/list/1333/0054893_list.jpg,black,구두
422,누오보 , LALA 1.5 , http://image.abcmart.co.kr/nexti/images/list/1828/0054894_list.jpg,pink,구두
423,아디다스 , CLOUDFOAM ULTIMATE , http://image.abcmart.co.kr/nexti/images/list/1892/0065432_list.jpg,black,런닝화
424,아디다스 , RUN70S , http://image.abcmart.co.kr/nexti/images/list/1507/0065257_list.jpg,navy,런닝화
425,아디다스 , CLOUDFOAM ULTIMATE , http://image.abcmart.co.kr/nexti/images/list/1397/0065431_list.jpg,gray,런닝화
426,아디다스 , QUESTAR RISE , http://image.abcmart.co.kr/nexti/images/list/1882/0065434_list.jpg,white,런닝화
427,아디다스 , QUESTAR RISE , http://image.abcmart.co.kr/nexti/images/list/1387/0065433_list.jpg,black,런닝화
428,아디다스 , COSMIC 2 , http://image.abcmart.co.kr/nexti/images/list/1705/0065138_list.jpg,black,런닝화
429,아디다스 , COSMIC 2 , http://image.abcmart.co.kr/nexti/images/list/1210/0065137_list.jpg,black,런닝화
430,아디다스 , COSMIC 2 , http://image.abcmart.co.kr/nexti/images/list/1220/0065135_list.jpg,gray,런닝화
431,아디다스 , COSMIC 2 , http://image.abcmart.co.kr/nexti/images/list/1715/0065136_list.jpg,black,런닝화
432,아디다스 , UltraBOOST , http://image.abcmart.co.kr/nexti/images/list/1445/0060788_list.jpg,black,런닝화
433,뉴발란스 , W480MB5 , http://image.abcmart.co.kr/nexti/images/list/1767/0065806_list.jpg,white,런닝화
434,뉴발란스 , W480BA5 , http://image.abcmart.co.kr/nexti/images/list/1777/0065808_list.jpg,gray,런닝화
435,나이키 , NIKE AIR MAX AXIS PREM , http://image.abcmart.co.kr/nexti/images/list/1673/0064494_list.jpg,camo,런닝화
436,아디다스 , NMD_R1 W , http://image.abcmart.co.kr/nexti/images/list/1254/0065250_list.jpg,black,런닝화
437,아디다스 , NMD_R1 W , http://image.abcmart.co.kr/nexti/images/list/1440/0065249_list.jpg,pink,런닝화
438,써코니 , KINVARA 9 , http://image.abcmart.co.kr/nexti/images/list/1788/0065157_list.jpg,navy,런닝화
439,써코니 , KINVARA 9 , http://image.abcmart.co.kr/nexti/images/list/1532/0064574_list.jpg,gray,런닝화
440,아식스 , STORMER 2-W , http://image.abcmart.co.kr/nexti/images/list/1107/0064311_list.jpg,black,런닝화
441,아식스 , STORMER 2-W , http://image.abcmart.co.kr/nexti/images/list/1602/0064312_list.jpg,black,런닝화
442,아식스 , STORMER 2 , http://image.abcmart.co.kr/nexti/images/list/1612/0064310_list.jpg,gray,런닝화
443,아식스 , STORMER 2 , http://image.abcmart.co.kr/nexti/images/list/1426/0064309_list.jpg,black,런닝화
444,아식스 , HYPERGEL SAI-W , http://image.abcmart.co.kr/nexti/images/list/1747/0064320_list.jpg,white,런닝화
445,아식스 , HYPERGEL SAI-W , http://image.abcmart.co.kr/nexti/images/list/1933/0064319_list.jpg,black,런닝화
446,아식스 , HYPERGEL SAI , http://image.abcmart.co.kr/nexti/images/list/1572/0064318_list.jpg,white,런닝화
447,아식스 , HYPERGEL SAI , http://image.abcmart.co.kr/nexti/images/list/1077/0064317_list.jpg,black,런닝화
448,아식스 , FREQUENT TRAIL , http://image.abcmart.co.kr/nexti/images/list/1252/0064321_list.jpg,black,런닝화
449,아식스 , GEL-KAYANO 25 , http://image.abcmart.co.kr/nexti/images/list/1850/0064305_list.jpg,black,런닝화
450,아식스 타이거 , GEL-MAI , http://image.abcmart.co.kr/nexti/images/list/1160/0064336_list.jpg,white,런닝화
451,아식스 타이거 , GEL-MAI , http://image.abcmart.co.kr/nexti/images/list/1655/0064337_list.jpg,black,런닝화
452,리복 , DAYTONA DMX , http://image.abcmart.co.kr/nexti/images/list/1395/0065170_list.jpg,white,런닝화
453,나이키 , DART 12 MSL , http://image.abcmart.co.kr/nexti/images/list/1353/0050158_list.jpg,black,런닝화
454,아디다스 , QUESTAR RIDE , http://image.abcmart.co.kr/nexti/images/list/1325/0062414_list.jpg,black,런닝화
455,뉴발란스 , WRL247EN , http://image.abcmart.co.kr/nexti/images/list/1371/0064650_list.jpg,white,런닝화
456,푸마 , Axis V4 , http://image.abcmart.co.kr/nexti/images/list/1150/0061720_list.jpg,white,런닝화
457,나이키 , WMNS NIKE DOWNSHIFTER 8 , http://image.abcmart.co.kr/nexti/images/list/1609/0063295_list.jpg,gray,런닝화
458,나이키 , NIKE DOWNSHIFTER 8 , http://image.abcmart.co.kr/nexti/images/list/1235/0063288_list.jpg,black,런닝화
459,나이키 , NIKE AIR MAX ADVANTAGE 2 GG , http://image.abcmart.co.kr/nexti/images/list/1535/0064513_list.jpg,pink,런닝화
460,나이키 , WMNS NIKE AIR BELLA TR , http://image.abcmart.co.kr/nexti/images/list/1736/0064471_list.jpg,gray,런닝화
461,나이키 , NIKE STAR RUNNER BG , http://image.abcmart.co.kr/nexti/images/list/1447/0064458_list.jpg,gray,런닝화
462,나이키 , WMNS NIKE DOWNSHIFTER 8 , http://image.abcmart.co.kr/nexti/images/list/1104/0063294_list.jpg,black,런닝화
463,아디다스 , POD-S3.1 , http://image.abcmart.co.kr/nexti/images/list/1725/0065134_list.jpg,black,런닝화
464,스케쳐스 , GO WALK REVOLUTION ULTRA , http://image.abcmart.co.kr/nexti/images/list/1260/0064835_list.jpg,gray,런닝화
465,스케쳐스 , GO WALK REVOLUTION ULTRA , http://image.abcmart.co.kr/nexti/images/list/1531/0064834_list.jpg,white,런닝화
466,나이키 , WMNS NIKE AIR BELLA TR , http://image.abcmart.co.kr/nexti/images/list/1231/0064470_list.jpg,black,런닝화
467,나이키 , WMNS NIKE FLEX ESSENTIAL TR , http://image.abcmart.co.kr/nexti/images/list/1241/0064472_list.jpg,gray,런닝화
468,나이키 , NIKE AIR MAX ALPHA TRAINER , http://image.abcmart.co.kr/nexti/images/list/1907/0064504_list.jpg,navy,런닝화
469,스케쳐스 , Go Walk 4 , http://image.abcmart.co.kr/nexti/images/list/1594/0056124_list.jpg,gray,런닝화
470,스케쳐스 , Go Walk 4 , http://image.abcmart.co.kr/nexti/images/list/1584/0056122_list.jpg,black,런닝화
471,리복 , DAYTONA DMX , http://image.abcmart.co.kr/nexti/images/list/1697/0064742_list.jpg,gray,런닝화
472,나이키 , WMNS NIKE AIR MAX ADVANTAGE 2 , http://image.abcmart.co.kr/nexti/images/list/1545/0064511_list.jpg,pink,런닝화
473,나이키 , NIKE VIALE , http://image.abcmart.co.kr/nexti/images/list/1198/0064499_list.jpg,gray,런닝화
474,나이키 , NIKE VIALE , http://image.abcmart.co.kr/nexti/images/list/1693/0064498_list.jpg,black,런닝화
475,나이키 , WMNS NIKE FLEX ESSENTIAL TR , http://image.abcmart.co.kr/nexti/images/list/1938/0061632_list.jpg,black,런닝화
476,나이키 , TEAM HUSTLE QUICK BG , http://image.abcmart.co.kr/nexti/images/list/1417/0064469_list.jpg,black,런닝화
477,써코니 , FREEDOM ISO 2 , http://image.abcmart.co.kr/nexti/images/list/1698/0064569_list.jpg,black,런닝화
478,써코니 , FREEDOM ISO 2 , http://image.abcmart.co.kr/nexti/images/list/1312/0064567_list.jpg,black,런닝화
479,아디다스 , EQUIPMENT 10 M , http://image.abcmart.co.kr/nexti/images/list/1267/0064254_list.jpg,black,런닝화
480,아디다스 , EQUIPMENT 10 W , http://image.abcmart.co.kr/nexti/images/list/1257/0064252_list.jpg,pink,런닝화
481,아디다스 , EQUIPMENT 10 HPC U , http://image.abcmart.co.kr/nexti/images/list/1207/0063950_list.jpg,white,런닝화
482,리복 , RIDGERIDER TRAIL 3.0 , http://image.abcmart.co.kr/nexti/images/list/1043/0064353_list.jpg,black,런닝화
483,리복 , RIDGERIDER TRAIL 3.0 , http://image.abcmart.co.kr/nexti/images/list/1538/0064352_list.jpg,black,런닝화
484,아디다스 , EQT SUPPORT SK PK W , http://image.abcmart.co.kr/nexti/images/list/1125/0064944_list.jpg,pink,런닝화
485,아디다스 , EQT SUPPORT SK PK W , http://image.abcmart.co.kr/nexti/images/list/1630/0064943_list.jpg,navy,런닝화
486,아디다스 , EQT SUPPORT SK PK W , http://image.abcmart.co.kr/nexti/images/list/1135/0064942_list.jpg,white,런닝화
487,아디다스 , EQT SUPPORT MID ADV , http://image.abcmart.co.kr/nexti/images/list/1640/0064941_list.jpg,glow,런닝화
488,아디다스 , LITE RACER CLN , http://image.abcmart.co.kr/nexti/images/list/1969/0064937_list.jpg,black,런닝화
489,아디다스 , LITE RACER CLN , http://image.abcmart.co.kr/nexti/images/list/1343/0064821_list.jpg,white,런닝화
490,아디다스 , LITE RACER CLN , http://image.abcmart.co.kr/nexti/images/list/1474/0064936_list.jpg,black,런닝화
491,아디다스 , LITE RACER CLN , http://image.abcmart.co.kr/nexti/images/list/1317/0064935_list.jpg,white,런닝화
492,써코니 , COHESION TR11 , http://image.abcmart.co.kr/nexti/images/list/1057/0064579_list.jpg,gray,런닝화
493,써코니 , COHESION TR11 , http://image.abcmart.co.kr/nexti/images/list/1920/0064581_list.jpg,gray,런닝화
494,나이키 , NIKE AIR PRECISION II , http://image.abcmart.co.kr/nexti/images/list/1412/0064505_list.jpg,black,런닝화
495,나이키 , NIKE AIR VERSITILE III , http://image.abcmart.co.kr/nexti/images/list/1256/0064545_list.jpg,white,런닝화
496,나이키 , NIKE AIR VERSITILE III , http://image.abcmart.co.kr/nexti/images/list/1249/0064544_list.jpg,gray,런닝화
497,나이키 , WMNS NIKE AIR MAX SEQUENT 3 , http://image.abcmart.co.kr/nexti/images/list/1118/0064462_list.jpg,white,런닝화
498,나이키 , WMNS NIKE AIR MAX ADVANTAGE 2 , http://image.abcmart.co.kr/nexti/images/list/1864/0064509_list.jpg,black,런닝화
499,나이키 , NIKE AIR PRECISION II , http://image.abcmart.co.kr/nexti/images/list/1561/0062924_list.jpg,white,런닝화
500,나이키 , WMNS NIKE AIR MAX ADVANTAGE 2 , http://image.abcmart.co.kr/nexti/images/list/1050/0064510_list.jpg,pink,런닝화
501,나이키 , NIKE AIR MAX ADVANTAGE 2 , http://image.abcmart.co.kr/nexti/images/list/1422/0064507_list.jpg,gray,런닝화
502,나이키 , NIKE AIR MAX SEQUENT 3 , http://image.abcmart.co.kr/nexti/images/list/1603/0064465_list.jpg,white,런닝화
503,아디다스 , SEELEY , http://image.abcmart.co.kr/nexti/images/list/1720/0048037_list.jpg,black,컨버스화
504,컨버스 , Chuck Taylor All Star 70 , http://image.abcmart.co.kr/nexti/images/list/1865/0066436_list.jpg,red,컨버스화
505,컨버스 , Chuck Taylor All Star 70 , http://image.abcmart.co.kr/nexti/images/list/1875/0066434_list.jpg,yellow,컨버스화
506,컨버스 , Chuck Taylor All Star 70 HI , http://image.abcmart.co.kr/nexti/images/list/1380/0066433_list.jpg,black,컨버스화
507,반스 , OLD SKOOL V , http://image.abcmart.co.kr/nexti/images/list/1290/0066549_list.jpg,red,컨버스화
508,반스 , SK8-HI ZIP , http://image.abcmart.co.kr/nexti/images/list/1785/0066548_list.jpg,black,컨버스화
509,반스 , SK8-HI ZIP , http://image.abcmart.co.kr/nexti/images/list/1280/0066547_list.jpg,pink,컨버스화
510,컨버스 , CT AS Core HI , http://image.abcmart.co.kr/nexti/images/list/1713/0043163_list.jpg,black,컨버스화
511,컨버스 , One Star , http://image.abcmart.co.kr/nexti/images/list/1969/0066441_list.jpg,black,컨버스화
512,페이유에 , Fe Lo III , http://image.abcmart.co.kr/nexti/images/list/1417/0061846_list.jpg,white,컨버스화
513,페이유에 , Fe Lo Plain , http://image.abcmart.co.kr/nexti/images/list/1922/0061845_list.jpg,white,컨버스화
514,페이유에 , Fe Lo Plain , http://image.abcmart.co.kr/nexti/images/list/1427/0061844_list.jpg,white,컨버스화
515,페이유에 , Fe Lo Classic , http://image.abcmart.co.kr/nexti/images/list/1849/0061840_list.jpg,white,컨버스화
516,컨버스 , Chuck Taylor All Star 70 , http://image.abcmart.co.kr/nexti/images/list/1577/0066427_list.jpg,navy,컨버스화
517,컨버스 , Chuck Taylor All Star 70 , http://image.abcmart.co.kr/nexti/images/list/1072/0066426_list.jpg,glow,컨버스화
518,컨버스 , Chuck Taylor All Star 70 HI , http://image.abcmart.co.kr/nexti/images/list/1031/0063422_list.jpg,white,컨버스화
519,컨버스 , One Star Leather , http://image.abcmart.co.kr/nexti/images/list/1774/0058650_list.jpg,black,컨버스화
520,반스 , OLD SKOOL , http://image.abcmart.co.kr/nexti/images/list/1905/0064621_list.jpg,red,컨버스화
521,반스 , OLD SKOOL , http://image.abcmart.co.kr/nexti/images/list/1410/0064620_list.jpg,yellow,컨버스화
522,컨버스 , Chuck Taylor All Star 70 , http://image.abcmart.co.kr/nexti/images/list/1121/0064403_list.jpg,yellow,컨버스화
523,반스 , OLD SKOOL LITE , http://image.abcmart.co.kr/nexti/images/list/1673/0064601_list.jpg,black,컨버스화
524,반스 , STYLE 36 DECON SF , http://image.abcmart.co.kr/nexti/images/list/1309/0065895_list.jpg,navy,컨버스화
525,반스 , STYLE 36 DECON SF , http://image.abcmart.co.kr/nexti/images/list/1814/0065896_list.jpg,black,컨버스화
526,반스 , STYLE 36 DECON SF , http://image.abcmart.co.kr/nexti/images/list/1824/0065898_list.jpg,black,컨버스화
527,반스 , OLD SKOOL , http://image.abcmart.co.kr/nexti/images/list/1701/0065893_list.jpg,red,컨버스화
528,반스 , OLD SKOOL , http://image.abcmart.co.kr/nexti/images/list/1804/0065894_list.jpg,white,컨버스화
529,반스 , AUTHENTIC , http://image.abcmart.co.kr/nexti/images/list/1206/0065892_list.jpg,red,컨버스화
530,반스 , STYLE 36 , http://image.abcmart.co.kr/nexti/images/list/1445/0065387_list.jpg,red,컨버스화
531,반스 , AUTHENTIC , http://image.abcmart.co.kr/nexti/images/list/1940/0065388_list.jpg,navy,컨버스화
532,반스 , AUTHENTIC LO PRO , http://image.abcmart.co.kr/nexti/images/list/1329/0034907_list.jpg,white,컨버스화
533,컨버스 , Chuck Taylor All Star 70 , http://image.abcmart.co.kr/nexti/images/list/1485/0064377_list.jpg,white,컨버스화
534,컨버스 , Chuck Taylor All Star 70 , http://image.abcmart.co.kr/nexti/images/list/1980/0064376_list.jpg,white,컨버스화
535,컨버스 , One Star , http://image.abcmart.co.kr/nexti/images/list/1482/0064381_list.jpg,navy,컨버스화
536,컨버스 , One Star , http://image.abcmart.co.kr/nexti/images/list/1472/0064383_list.jpg,purple,컨버스화
537,컨버스 , One Star , http://image.abcmart.co.kr/nexti/images/list/1801/0064379_list.jpg,orange,컨버스화
538,컨버스 , One Star , http://image.abcmart.co.kr/nexti/images/list/1977/0064382_list.jpg,yellow,컨버스화
539,컨버스 , One Star , http://image.abcmart.co.kr/nexti/images/list/1987/0064380_list.jpg,green,컨버스화
540,컨버스 , One Star , http://image.abcmart.co.kr/nexti/images/list/1990/0064378_list.jpg,red,컨버스화
541,컨버스 , Chuck Taylor All Star 70 , http://image.abcmart.co.kr/nexti/images/list/1475/0064375_list.jpg,gray,컨버스화
542,컨버스 , Chuck Taylor All Star 70 , http://image.abcmart.co.kr/nexti/images/list/1970/0064374_list.jpg,glow,컨버스화
543,반스 , AUTHENTIC LITE , http://image.abcmart.co.kr/nexti/images/list/1559/0065129_list.jpg,brown,컨버스화
544,수페르가 , 2750-AEREXCENTURYFLAG , http://image.abcmart.co.kr/nexti/images/list/1844/0050450_list.jpg,white,컨버스화
545,수페르가 , 2750-COTU CLASSIC , http://image.abcmart.co.kr/nexti/images/list/1232/0046857_list.jpg,white,컨버스화
546,반스 , SK8-Hi , http://image.abcmart.co.kr/nexti/images/list/1227/0064135_list.jpg,green,컨버스화
547,반스 , Old Skool , http://image.abcmart.co.kr/nexti/images/list/1722/0064136_list.jpg,white,컨버스화
548,반스 , Authentic , http://image.abcmart.co.kr/nexti/images/list/1217/0064137_list.jpg,navy,컨버스화
549,휠라 , CLASSIC KICKS MULE , http://image.abcmart.co.kr/nexti/images/list/1167/0064818_list.jpg,black,컨버스화
550,휠라 , CLASSIC KICKS MULE , http://image.abcmart.co.kr/nexti/images/list/1672/0064817_list.jpg,white,컨버스화
551,컨버스 , Chuck Taylor All Star 70 HI , http://image.abcmart.co.kr/nexti/images/list/1474/0063421_list.jpg,black,컨버스화
552,수페르가 , 2750-COTWBIGLACE SUPERLIGHT , http://image.abcmart.co.kr/nexti/images/list/1509/0060612_list.jpg,white,컨버스화
553,수페르가 , 2750-COT3VELU , http://image.abcmart.co.kr/nexti/images/list/1483/0055292_list.jpg,white,컨버스화
554,반스 , OLD SKOOL , http://image.abcmart.co.kr/nexti/images/list/1766/0064987_list.jpg,black,컨버스화
555,반스 , ERA , http://image.abcmart.co.kr/nexti/images/list/1271/0064986_list.jpg,orange,컨버스화
556,반스 , OLD SKOOL , http://image.abcmart.co.kr/nexti/images/list/1733/0059746_list.jpg,white,컨버스화
557,아디다스 , NIZZA , http://image.abcmart.co.kr/nexti/images/list/1416/0064729_list.jpg,black,컨버스화
558,아디다스 , NIZZA , http://image.abcmart.co.kr/nexti/images/list/1911/0064728_list.jpg,white,컨버스화
559,아디다스 , NIZZA SLIPON W , http://image.abcmart.co.kr/nexti/images/list/1964/0063386_list.jpg,black,컨버스화
560,반스 , AUTHENTIC ELASTIC LACE , http://image.abcmart.co.kr/nexti/images/list/1995/0064980_list.jpg,black,컨버스화
561,반스 , OLD SKOOL V , http://image.abcmart.co.kr/nexti/images/list/1776/0064985_list.jpg,navy,컨버스화
562,반스 , OLD SKOOL , http://image.abcmart.co.kr/nexti/images/list/1228/0059745_list.jpg,black,컨버스화
563,반스 , OLD SKOOL , http://image.abcmart.co.kr/nexti/images/list/1224/0036146_list.jpg,red,컨버스화
564,라코스테 , Lancelle BL 1 , http://image.abcmart.co.kr/nexti/images/list/1949/0055410_list.jpg,white,컨버스화
565,반스 , AUTHENTIC , http://image.abcmart.co.kr/nexti/images/list/1479/0064706_list.jpg,white,컨버스화
566,반스 , AUTHENTIC , http://image.abcmart.co.kr/nexti/images/list/1974/0064705_list.jpg,black,컨버스화
567,반스 , AUTHENTIC , http://image.abcmart.co.kr/nexti/images/list/1984/0064707_list.jpg,black,컨버스화
568,반스 , OLD SKOOL , http://image.abcmart.co.kr/nexti/images/list/1697/0064829_list.jpg,black,컨버스화
569,반스 , AUTHENTIC 44 DX , http://image.abcmart.co.kr/nexti/images/list/1192/0064828_list.jpg,purple,컨버스화
570,반스 , STYLE 36 , http://image.abcmart.co.kr/nexti/images/list/1511/0064830_list.jpg,green,컨버스화
571,반스 , STYLE 36 , http://image.abcmart.co.kr/nexti/images/list/1016/0064831_list.jpg,black,컨버스화
572,수페르가 , 2750-COTFLAGGROSGRAINU , http://image.abcmart.co.kr/nexti/images/list/1566/0064660_list.jpg,white,컨버스화
573,휠라 , CLASSIC KICKS B , http://image.abcmart.co.kr/nexti/images/list/1422/0060293_list.jpg,yellow,컨버스화
574,휠라 , CLASSIC KICKS B , http://image.abcmart.co.kr/nexti/images/list/1432/0060291_list.jpg,white,컨버스화
575,수페르가 , 2750-COTUFLAGSIDE , http://image.abcmart.co.kr/nexti/images/list/1850/0060602_list.jpg,white,컨버스화
576,컨버스 , CORE , http://image.abcmart.co.kr/nexti/images/list/1866/0051006_list.jpg,pink,컨버스화
577,컨버스 , CT AS Core , http://image.abcmart.co.kr/nexti/images/list/1188/0043168_list.jpg,black,컨버스화
578,컨버스 , CT AS Core , http://image.abcmart.co.kr/nexti/images/list/1693/0043167_list.jpg,red,컨버스화
579,컨버스 , CT AS Core HI , http://image.abcmart.co.kr/nexti/images/list/1703/0043165_list.jpg,red,컨버스화
580,컨버스 , CT AS Core , http://image.abcmart.co.kr/nexti/images/list/1068/0043160_list.jpg,black,컨버스화
581,컨버스 , CT AS Core HI , http://image.abcmart.co.kr/nexti/images/list/1254/0043159_list.jpg,black,컨버스화
582,페이유에 , Fe Lo Classic , http://image.abcmart.co.kr/nexti/images/list/1942/0061841_list.jpg,white,컨버스화
583,리복 , REEBOK ROYAL COMPLETE2VEL , http://image.abcmart.co.kr/nexti/images/list/1605/0065310_list.jpg,white,스니커즈
584,리복 , REEBOK ROYAL COMPLETE2VEL , http://image.abcmart.co.kr/nexti/images/list/1924/0065308_list.jpg,white,스니커즈
585,리복 , REEBOK ROYAL DASHONIC , http://image.abcmart.co.kr/nexti/images/list/1159/0065149_list.jpg,white,스니커즈
586,리복 , REEBOK ROYAL DASHONIC , http://image.abcmart.co.kr/nexti/images/list/1478/0065151_list.jpg,black,스니커즈
587,리복 , REEBOK ROYAL DASHONIC , http://image.abcmart.co.kr/nexti/images/list/1973/0065150_list.jpg,white,스니커즈
588,아디다스 , X_PLR , http://image.abcmart.co.kr/nexti/images/list/1141/0061875_list.jpg,black,스니커즈
589,아디다스 , SAMBAROSE W , http://image.abcmart.co.kr/nexti/images/list/1639/0067299_list.jpg,gray,스니커즈
590,아디다스 , YUNG-1 , http://image.abcmart.co.kr/nexti/images/list/1579/0067389_list.jpg,orange,스니커즈
591,나이키 , NIKE EBERNON LOW , http://image.abcmart.co.kr/nexti/images/list/1671/0064557_list.jpg,white,스니커즈
592,나이키 , TEAM HUSTLE D 8 BG , http://image.abcmart.co.kr/nexti/images/list/1975/0061156_list.jpg,white,스니커즈
593,반스 , BRECKENRIDGE LO , http://image.abcmart.co.kr/nexti/images/list/1624/0066624_list.jpg,black,스니커즈
594,반스 , BRECKENRIDGE , http://image.abcmart.co.kr/nexti/images/list/1024/0065571_list.jpg,red,스니커즈
595,반스 , BRECKENRIDGE , http://image.abcmart.co.kr/nexti/images/list/1705/0065569_list.jpg,brown,스니커즈
596,반스 , BRECKENRIDGE , http://image.abcmart.co.kr/nexti/images/list/1519/0065570_list.jpg,black,스니커즈
597,리복 , REEBOK ROYAL COMPLETE 2LCS , http://image.abcmart.co.kr/nexti/images/list/1056/0062925_list.jpg,white,스니커즈
598,나이키 , AIR MONARCH IV , http://image.abcmart.co.kr/nexti/images/list/1659/0062870_list.jpg,white,스니커즈
599,나이키 , WMNS NIKE COURT ROYALE , http://image.abcmart.co.kr/nexti/images/list/1106/0045216_list.jpg,white,스니커즈
600,나이키 , WMNS NIKE COURT ROYALE , http://image.abcmart.co.kr/nexti/images/list/1116/0045214_list.jpg,black,스니커즈
601,리복 , REEBOK ROYAL TECHQUE T , http://image.abcmart.co.kr/nexti/images/list/1141/0066407_list.jpg,white,스니커즈
602,리복 , REEBOK ROYAL COMPLETE 2LCS , http://image.abcmart.co.kr/nexti/images/list/1551/0062926_list.jpg,white,스니커즈
603,리복 , REEBOK ROYAL COMPLETE 2LCS , http://image.abcmart.co.kr/nexti/images/list/1459/0062928_list.jpg,white,스니커즈
604,베어파우 , NIA , http://image.abcmart.co.kr/nexti/images/list/1274/0067061_list.jpg,brown,스니커즈
605,베어파우 , NIA , http://image.abcmart.co.kr/nexti/images/list/1779/0067062_list.jpg,brown,스니커즈
606,반스 , ULTRARANGE HI MTE , http://image.abcmart.co.kr/nexti/images/list/1512/0067188_list.jpg,gray,스니커즈
607,반스 , ULTRARANGE HI MTE , http://image.abcmart.co.kr/nexti/images/list/1007/0067187_list.jpg,black,스니커즈
608,나이키 , NIKE AIR MAX ADVANTAGE 2 BPV , http://image.abcmart.co.kr/nexti/images/list/1922/0066237_list.jpg,navy,스니커즈
609,나이키 , NIKE AIR MAX ADVANTAGE 2 GPV , http://image.abcmart.co.kr/nexti/images/list/1088/0066239_list.jpg,pink,스니커즈
610,나이키 , NIKE TANJUN HI GPV , http://image.abcmart.co.kr/nexti/images/list/1386/0059981_list.jpg,black,스니커즈
611,나이키 , NIKE TANJUN HI GG , http://image.abcmart.co.kr/nexti/images/list/1705/0059979_list.jpg,black,스니커즈
612,나이키 , NIKE COURT ROYALE SUEDE , http://image.abcmart.co.kr/nexti/images/list/1344/0066264_list.jpg,brown,스니커즈
613,나이키 , NIKE STAR RUNNER BTV , http://image.abcmart.co.kr/nexti/images/list/1942/0064459_list.jpg,black,스니커즈
614,나이키 , NIKE STAR RUNNER PSV , http://image.abcmart.co.kr/nexti/images/list/1389/0062210_list.jpg,black,스니커즈
615,아디다스 , STAN SMITH , http://image.abcmart.co.kr/nexti/images/list/1060/0062206_list.jpg,white,스니커즈
616,아디다스 , STAN SMITH , http://image.abcmart.co.kr/nexti/images/list/1555/0062205_list.jpg,white,스니커즈
617,나이키 , NIKE AIR MAX INVIGOR MID , http://image.abcmart.co.kr/nexti/images/list/1986/0059879_list.jpg,black,스니커즈
618,나이키 , WMNS CLASSIC CORTEZ LEATHER , http://image.abcmart.co.kr/nexti/images/list/1675/0050929_list.jpg,white,스니커즈
619,나이키 , AIR FORCE 1 07 , http://image.abcmart.co.kr/nexti/images/list/1622/0007070_list.jpg,white,스니커즈
620,아디다스 , YUNG-1 , http://image.abcmart.co.kr/nexti/images/list/1201/0067206_list.jpg,gray,스니커즈
621,아디다스 , CRAZY BYW X , http://image.abcmart.co.kr/nexti/images/list/1211/0067204_list.jpg,white,스니커즈
622,아디다스 , CRAZY BYW , http://image.abcmart.co.kr/nexti/images/list/1716/0067203_list.jpg,black,스니커즈
623,수페르가 , 2750-COTUFLAGGROSGRAIN , http://image.abcmart.co.kr/nexti/images/list/1075/0067095_list.jpg,white,스니커즈
624,수페르가 , 2750-COTUCOTMETFLAGSIDE , http://image.abcmart.co.kr/nexti/images/list/1570/0067094_list.jpg,white,스니커즈
625,나이키 , WMNS AIR MAX GUILE , http://image.abcmart.co.kr/nexti/images/list/1313/0059960_list.jpg,white,스니커즈
626,휠라 , VOLANTE 98 KD , http://image.abcmart.co.kr/nexti/images/list/1138/0067076_list.jpg,white,스니커즈
627,아디다스 , SUPERSTAR FD , http://image.abcmart.co.kr/nexti/images/list/1201/0067099_list.jpg,white,스니커즈
628,아디다스 , SUPERSTAR FD , http://image.abcmart.co.kr/nexti/images/list/1706/0067098_list.jpg,white,스니커즈
629,나이키 , W NIKE M2K TEKNO , http://image.abcmart.co.kr/nexti/images/list/1761/0066320_list.jpg,pink,스니커즈
630,나이키 , WMNS NIKE AIR MAX AXIS , http://image.abcmart.co.kr/nexti/images/list/1166/0066332_list.jpg,white,스니커즈
631,나이키 , WMNS NIKE AIR MAX AXIS , http://image.abcmart.co.kr/nexti/images/list/1012/0062833_list.jpg,black,스니커즈
632,나이키 , NIKE AIR MAX AXIS , http://image.abcmart.co.kr/nexti/images/list/1002/0062831_list.jpg,black,스니커즈
633,호킨스 , ALFIE , http://image.abcmart.co.kr/nexti/images/list/1740/0064802_list.jpg,brown,스니커즈
634,호킨스 , ALFIE , http://image.abcmart.co.kr/nexti/images/list/1235/0064801_list.jpg,black,스니커즈
635,라코스테 , CARNABY EVO 317 3 , http://image.abcmart.co.kr/nexti/images/list/1982/0058588_list.jpg,white,스니커즈
636,라코스테 , Grad Vulc TS , http://image.abcmart.co.kr/nexti/images/list/1006/0053437_list.jpg,white,스니커즈
637,뉴발란스 , YV574IND , http://image.abcmart.co.kr/nexti/images/list/1648/0067111_list.jpg,orange,스니커즈
638,뉴발란스 , YV574INC , http://image.abcmart.co.kr/nexti/images/list/1153/0067110_list.jpg,red,스니커즈
639,뉴발란스 , PV580BW , http://image.abcmart.co.kr/nexti/images/list/1967/0067109_list.jpg,black,스니커즈
640,뉴발란스 , KV580T5P , http://image.abcmart.co.kr/nexti/images/list/1472/0067108_list.jpg,gray,스니커즈
641,뉴발란스 , KV580T5I , http://image.abcmart.co.kr/nexti/images/list/1977/0067107_list.jpg,gray,스니커즈
642,뉴발란스 , IV580BW , http://image.abcmart.co.kr/nexti/images/list/1482/0067106_list.jpg,black,스니커즈
643,뉴발란스 , IV574IND , http://image.abcmart.co.kr/nexti/images/list/1987/0067105_list.jpg,orange,스니커즈
644,뉴발란스 , IV574INC , http://image.abcmart.co.kr/nexti/images/list/1492/0067104_list.jpg,pink,스니커즈
645,반스 , ULTRARANGE RAPIDWELD , http://image.abcmart.co.kr/nexti/images/list/1773/0067004_list.jpg,black,스니커즈
646,꼬무신 , STARAMERICA , http://image.abcmart.co.kr/nexti/images/list/1751/0063545_list.jpg,white,스니커즈
647,꼬무신 , XYLOPHONE , http://image.abcmart.co.kr/nexti/images/list/1090/0063539_list.jpg,white,스니커즈
648,나이키 , NIKE EBERNON MID , http://image.abcmart.co.kr/nexti/images/list/1703/0066274_list.jpg,black,스니커즈
649,휠라 , RAY TRACER KD , http://image.abcmart.co.kr/nexti/images/list/1148/0067074_list.jpg,pink,스니커즈
650,휠라 , RAY TRACER KD , http://image.abcmart.co.kr/nexti/images/list/1138/0067072_list.jpg,gray,스니커즈
651,휠라 , RAY TRACER KD , http://image.abcmart.co.kr/nexti/images/list/1633/0067071_list.jpg,white,스니커즈
652,아디다스 , YUNG 1 , http://image.abcmart.co.kr/nexti/images/list/1502/0064004_list.jpg,red,스니커즈
653,휠라 , FILARAY , http://image.abcmart.co.kr/nexti/images/list/1764/0065322_list.jpg,white,스니커즈
654,반스 , ULTRARANGE RAPIDWELD , http://image.abcmart.co.kr/nexti/images/list/1132/0063944_list.jpg,black,스니커즈
655,반스 , AUTHENTIC , http://image.abcmart.co.kr/nexti/images/list/1626/0066941_list.jpg,black,스니커즈
656,반스 , AUTHENTIC , http://image.abcmart.co.kr/nexti/images/list/1121/0066942_list.jpg,black,스니커즈
657,리복 , RIVYX RIPPLE , http://image.abcmart.co.kr/nexti/images/list/1617/0066999_list.jpg,black,스니커즈
658,나이키 , TEAM HUSTLE D 8 JDI BP , http://image.abcmart.co.kr/nexti/images/list/1339/0066300_list.jpg,black,스니커즈
659,나이키 , NIKE EBERNON MID WINTER , http://image.abcmart.co.kr/nexti/images/list/1583/0066276_list.jpg,black,스니커즈
660,아디다스 , SAMBAROSE W , http://image.abcmart.co.kr/nexti/images/list/1092/0066994_list.jpg,black,스니커즈
661,꼬무신 , LOVELY PINK , http://image.abcmart.co.kr/nexti/images/list/1256/0063544_list.jpg,pink,스니커즈
662,아디다스 , YUNG-1 , http://image.abcmart.co.kr/nexti/images/list/1918/0066992_list.jpg,white,스니커즈
